pdbCode,loopSize,chainID,resSeqFirst,resSeqLast
1dvj,4,A,20,23
1dys,4,A,47,50
1egu,4,A,404,407
1ej0,4,A,74,77
1i0h,4,A,123,126
1id0,4,A,405,408
1qnr,4,A,195,198
1qop,4,A,44,47
1tca,4,A,95,98
1thf,4,D,121,124
1cru,8,A,85,92
1ctq,8,A,144,151
1d8w,8,A,334,341
1ds1,8,A,20,27
1gk8,8,A,122,129
1i0h,8,A,145,152
1ixh,8,A,106,113
1lam,8,A,420,427
1qop,8,B,14,21
3chb,8,D,51,58
1cru,12,A,85,96
1ctq,12,A,26,37
1d4o,12,A,88,99
1d8w,12,A,46,57
1ds1,12,A,282,293
1dys,12,A,291,302
1egu,12,A,508,519
1f74,12,A,11,22
1q1w,12,A,31,42
1qop,12,A,178,189
